Algorithm,Train Precision,Train Recall,Train F1,Test Accuracy,Test Precision,Test Recall,Test F1,Test ROC-AUC
Decision Tree,0.9990706319702602,0.9802431610942249,0.9895673519484505,0.7746153846153846,0.8320802005012531,0.8068043742405833,0.8192473781616286,0.7654679026214366
